Date,State,District,Pincode,Age_0_5,Age_5_17,Age_18_greater
3/9/2025,Rajasthan,Jaipur,302001,2,0,0
3/9/2025,Rajasthan,Jaipur,302005,1,0,0
3/9/2025,Rajasthan,Jaipur,302006,1,1,0
3/9/2025,Rajasthan,Jaipur,302033,2,1,0
3/9/2025,Rajasthan,Jaipur,302039,4,2,0
3/9/2025,Rajasthan,Jaipur,303108,4,4,0
3/9/2025,Rajasthan,Jaipur,303305,2,0,0
3/9/2025,Rajasthan,Jaipur,303603,17,0,0
3/9/2025,Rajasthan,Jaipur,303701,1,0,0
3/9/2025,Rajasthan,Jaipur,303805,3,2,0
3/9/2025,Rajasthan,Jaipur,303903,1,0,0
2/9/2025,Rajasthan,Jaipur,302002,7,1,0
2/9/2025,Rajasthan,Jaipur,302004,5,3,1
2/9/2025,Rajasthan,Jaipur,302013,4,1,0
2/9/2025,Rajasthan,Jaipur,302016,7,6,0
2/9/2025,Rajasthan,Jaipur,302020,7,2,0
2/9/2025,Rajasthan,Jaipur,302034,1,1,0
2/9/2025,Rajasthan,Jaipur,302039,7,0,0
2/9/2025,Rajasthan,Jaipur,303008,10,2,0
2/9/2025,Rajasthan,Jaipur,303012,4,0,0
2/9/2025,Rajasthan,Jaipur,303108,6,1,0
2/9/2025,Rajasthan,Jaipur,303301,4,2,0
2/9/2025,Rajasthan,Jaipur,303602,3,0,0
2/9/2025,Rajasthan,Jaipur,303701,2,0,0
2/9/2025,Rajasthan,Jaipur,303802,0,1,0
2/9/2025,Rajasthan,Jaipur,303903,2,0,0
1/9/2025,Rajasthan,Jaipur,302003,8,3,0
1/9/2025,Rajasthan,Jaipur,302012,6,4,0
1/9/2025,Rajasthan,Jaipur,302019,1,0,0
1/9/2025,Rajasthan,Jaipur,302023,0,1,0
1/9/2025,Rajasthan,Jaipur,302026,0,1,0
1/9/2025,Rajasthan,Jaipur,302027,4,4,0
1/9/2025,Rajasthan,Jaipur,302031,7,2,0
1/9/2025,Rajasthan,Jaipur,303002,3,2,0
1/9/2025,Rajasthan,Jaipur,303008,4,1,0
1/9/2025,Rajasthan,Jaipur,303105,1,2,0
1/9/2025,Rajasthan,Jaipur,303106,10,3,0
1/9/2025,Rajasthan,Jaipur,303109,1,1,0
1/9/2025,Rajasthan,Jaipur,303801,3,0,0
1/9/2025,Rajasthan,Jaipur,303802,0,1,0
5/9/2025,Rajasthan,Jaipur,302013,3,0,0
5/9/2025,Rajasthan,Jaipur,302021,3,3,1
5/9/2025,Rajasthan,Jaipur,302031,5,0,0
5/9/2025,Rajasthan,Jaipur,303105,0,1,0
5/9/2025,Rajasthan,Jaipur,303106,1,0,0
5/9/2025,Rajasthan,Jaipur,303107,1,0,0
5/9/2025,Rajasthan,Jaipur,303328,2,0,0
5/9/2025,Rajasthan,Jaipur,303602,13,0,0
5/9/2025,Rajasthan,Jaipur,303706,3,1,0
5/9/2025,Rajasthan,Jaipur,303801,3,1,0
5/9/2025,Rajasthan,Jaipur,303804,10,0,0
4/9/2025,Rajasthan,Jaipur,302012,9,4,0
4/9/2025,Rajasthan,Jaipur,302013,1,6,0
4/9/2025,Rajasthan,Jaipur,302031,1,0,1
4/9/2025,Rajasthan,Jaipur,303009,5,0,0
4/9/2025,Rajasthan,Jaipur,303104,13,0,0
4/9/2025,Rajasthan,Jaipur,303107,2,1,0
4/9/2025,Rajasthan,Jaipur,303108,5,6,0
4/9/2025,Rajasthan,Jaipur,303110,5,1,0
4/9/2025,Rajasthan,Jaipur,303120,0,1,0
4/9/2025,Rajasthan,Jaipur,303302,0,1,0
4/9/2025,Rajasthan,Jaipur,303305,2,0,0
4/9/2025,Rajasthan,Jaipur,303328,1,1,0
4/9/2025,Rajasthan,Jaipur,303338,6,1,0
4/9/2025,Rajasthan,Jaipur,303601,1,1,0
4/9/2025,Rajasthan,Jaipur,303604,2,1,0
4/9/2025,Rajasthan,Jaipur,303803,4,3,0
4/9/2025,Rajasthan,Jaipur,303807,6,1,0
4/9/2025,Rajasthan,Jaipur,303903,3,0,0
6/9/2025,Rajasthan,Jaipur,302002,7,0,0
6/9/2025,Rajasthan,Jaipur,302006,4,0,0
6/9/2025,Rajasthan,Jaipur,302018,1,0,0
6/9/2025,Rajasthan,Jaipur,302021,5,3,0
6/9/2025,Rajasthan,Jaipur,302029,4,4,0
6/9/2025,Rajasthan,Jaipur,302032,1,0,0
6/9/2025,Rajasthan,Jaipur,302033,3,0,0
6/9/2025,Rajasthan,Jaipur,303001,3,1,0
6/9/2025,Rajasthan,Jaipur,303008,3,1,0
6/9/2025,Rajasthan,Jaipur,303104,6,2,0
6/9/2025,Rajasthan,Jaipur,303107,2,1,0
6/9/2025,Rajasthan,Jaipur,303108,6,0,0
6/9/2025,Rajasthan,Jaipur,303119,3,3,0
6/9/2025,Rajasthan,Jaipur,303712,9,2,0
7/9/2025,Rajasthan,Jaipur,302003,7,0,0
7/9/2025,Rajasthan,Jaipur,302006,3,2,0
7/9/2025,Rajasthan,Jaipur,302013,4,0,0
7/9/2025,Rajasthan,Jaipur,302015,1,0,0
7/9/2025,Rajasthan,Jaipur,302021,2,2,0
7/9/2025,Rajasthan,Jaipur,302027,8,3,0
7/9/2025,Rajasthan,Jaipur,303012,0,2,0
7/9/2025,Rajasthan,Jaipur,303120,7,0,0
7/9/2025,Rajasthan,Jaipur,303702,2,0,0
7/9/2025,Rajasthan,Jaipur,303704,3,1,0
7/9/2025,Rajasthan,Jaipur,303712,2,0,0
7/9/2025,Rajasthan,Jaipur,303903,8,0,0
8/9/2025,Rajasthan,Jaipur,302001,3,0,0
8/9/2025,Rajasthan,Jaipur,302019,2,1,0
8/9/2025,Rajasthan,Jaipur,302028,3,0,0
8/9/2025,Rajasthan,Jaipur,303005,16,3,0
8/9/2025,Rajasthan,Jaipur,303009,6,1,0
8/9/2025,Rajasthan,Jaipur,303012,4,2,0
8/9/2025,Rajasthan,Jaipur,303102,1,1,0
8/9/2025,Rajasthan,Jaipur,303105,4,3,0
8/9/2025,Rajasthan,Jaipur,303107,4,0,0
8/9/2025,Rajasthan,Jaipur,303120,2,2,0
8/9/2025,Rajasthan,Jaipur,303305,2,2,0
8/9/2025,Rajasthan,Jaipur,303712,15,1,0
9/9/2025,Rajasthan,Jaipur,302004,7,2,0
9/9/2025,Rajasthan,Jaipur,302011,0,1,0
9/9/2025,Rajasthan,Jaipur,302012,12,5,0
9/9/2025,Rajasthan,Jaipur,302017,7,9,0
9/9/2025,Rajasthan,Jaipur,302021,3,0,0
9/9/2025,Rajasthan,Jaipur,303001,2,0,0
9/9/2025,Rajasthan,Jaipur,303004,1,0,0
9/9/2025,Rajasthan,Jaipur,303007,2,2,0
9/9/2025,Rajasthan,Jaipur,303009,4,0,0
9/9/2025,Rajasthan,Jaipur,303012,7,3,0
9/9/2025,Rajasthan,Jaipur,303105,9,3,0
9/9/2025,Rajasthan,Jaipur,303302,3,0,0
9/9/2025,Rajasthan,Jaipur,303305,5,0,0
9/9/2025,Rajasthan,Jaipur,303601,14,0,0
9/9/2025,Rajasthan,Jaipur,303701,3,1,0
9/9/2025,Rajasthan,Jaipur,303712,11,6,0
9/9/2025,Rajasthan,Jaipur,303802,1,1,0
10/9/2025,Rajasthan,Jaipur,302004,7,1,0
10/9/2025,Rajasthan,Jaipur,302012,14,3,0
10/9/2025,Rajasthan,Jaipur,302017,13,6,2
10/9/2025,Rajasthan,Jaipur,302021,10,1,0
10/9/2025,Rajasthan,Jaipur,302029,7,3,0
10/9/2025,Rajasthan,Jaipur,303006,6,1,0
10/9/2025,Rajasthan,Jaipur,303104,5,2,0
10/9/2025,Rajasthan,Jaipur,303107,3,0,0
10/9/2025,Rajasthan,Jaipur,303301,6,1,0
10/9/2025,Rajasthan,Jaipur,303338,7,1,0
10/9/2025,Rajasthan,Jaipur,303701,1,2,0
10/9/2025,Rajasthan,Jaipur,303706,1,0,0
10/9/2025,Rajasthan,Jaipur,303807,6,0,0
11/9/2025,Rajasthan,Jaipur,302021,5,1,0
11/9/2025,Rajasthan,Jaipur,302024,0,1,0
11/9/2025,Rajasthan,Jaipur,302027,3,4,0
11/9/2025,Rajasthan,Jaipur,302029,12,6,0
11/9/2025,Rajasthan,Jaipur,302031,7,1,0
11/9/2025,Rajasthan,Jaipur,303001,1,1,0
11/9/2025,Rajasthan,Jaipur,303008,7,0,0
11/9/2025,Rajasthan,Jaipur,303104,7,3,0
11/9/2025,Rajasthan,Jaipur,303110,1,2,0
11/9/2025,Rajasthan,Jaipur,303305,3,1,0
11/9/2025,Rajasthan,Jaipur,303328,3,3,0
11/9/2025,Rajasthan,Jaipur,303338,4,3,0
11/9/2025,Rajasthan,Jaipur,303702,6,1,0
11/9/2025,Rajasthan,Jaipur,303712,3,0,0
11/9/2025,Rajasthan,Jaipur,303801,2,1,0
11/9/2025,Rajasthan,Jaipur,303803,3,0,0
11/9/2025,Rajasthan,Jaipur,303806,3,3,0
11/9/2025,Rajasthan,Jaipur,303901,8,3,0
11/9/2025,Rajasthan,Jaipur,303908,6,0,0
14-09-2025,Rajasthan,Jaipur,302015,1,0,0
14-09-2025,Rajasthan,Jaipur,302018,3,1,0
14-09-2025,Rajasthan,Jaipur,302020,0,1,0
14-09-2025,Rajasthan,Jaipur,302025,1,0,0
14-09-2025,Rajasthan,Jaipur,302027,8,3,0
14-09-2025,Rajasthan,Jaipur,302029,2,3,0
14-09-2025,Rajasthan,Jaipur,302033,4,1,0
14-09-2025,Rajasthan,Jaipur,303005,3,0,0
14-09-2025,Rajasthan,Jaipur,303109,2,0,0
14-09-2025,Rajasthan,Jaipur,303120,10,1,0
14-09-2025,Rajasthan,Jaipur,303348,1,0,0
14-09-2025,Rajasthan,Jaipur,303803,9,0,0
12/9/2025,Rajasthan,Jaipur,302001,9,4,0
12/9/2025,Rajasthan,Jaipur,302002,9,1,0
12/9/2025,Rajasthan,Jaipur,302003,6,5,0
12/9/2025,Rajasthan,Jaipur,302004,5,4,0
12/9/2025,Rajasthan,Jaipur,302005,1,0,0
12/9/2025,Rajasthan,Jaipur,302013,3,0,0
12/9/2025,Rajasthan,Jaipur,302020,8,5,0
12/9/2025,Rajasthan,Jaipur,302026,4,1,0
12/9/2025,Rajasthan,Jaipur,302029,6,7,0
12/9/2025,Rajasthan,Jaipur,302031,7,2,0
12/9/2025,Rajasthan,Jaipur,302033,5,3,0
12/9/2025,Rajasthan,Jaipur,303007,10,1,0
12/9/2025,Rajasthan,Jaipur,303009,7,1,0
12/9/2025,Rajasthan,Jaipur,303012,4,2,0
12/9/2025,Rajasthan,Jaipur,303102,3,1,0
12/9/2025,Rajasthan,Jaipur,303107,2,1,0
12/9/2025,Rajasthan,Jaipur,303108,8,4,0
12/9/2025,Rajasthan,Jaipur,303338,8,1,0
12/9/2025,Rajasthan,Jaipur,303601,2,2,0
12/9/2025,Rajasthan,Jaipur,303602,4,3,0
12/9/2025,Rajasthan,Jaipur,303704,1,3,0
12/9/2025,Rajasthan,Jaipur,303706,4,2,0
12/9/2025,Rajasthan,Jaipur,303712,10,2,0
12/9/2025,Rajasthan,Jaipur,303803,3,0,0
12/9/2025,Rajasthan,Jaipur,303904,1,3,0
13-09-2025,Rajasthan,Jaipur,302006,5,1,0
13-09-2025,Rajasthan,Jaipur,302015,6,0,0
13-09-2025,Rajasthan,Jaipur,302017,8,3,0
13-09-2025,Rajasthan,Jaipur,302027,6,0,0
13-09-2025,Rajasthan,Jaipur,302028,4,1,0
13-09-2025,Rajasthan,Jaipur,302031,7,5,0
13-09-2025,Rajasthan,Jaipur,302032,2,0,0
13-09-2025,Rajasthan,Jaipur,302037,1,0,0
13-09-2025,Rajasthan,Jaipur,303104,5,2,0
13-09-2025,Rajasthan,Jaipur,303109,4,5,0
13-09-2025,Rajasthan,Jaipur,303110,2,0,0
13-09-2025,Rajasthan,Jaipur,303119,2,0,0
13-09-2025,Rajasthan,Jaipur,303305,1,2,0
13-09-2025,Rajasthan,Jaipur,303601,4,0,0
13-09-2025,Rajasthan,Jaipur,303604,6,3,0
15-09-2025,Rajasthan,Jaipur,302004,6,4,0
15-09-2025,Rajasthan,Jaipur,302012,15,13,0
15-09-2025,Rajasthan,Jaipur,302017,5,4,0
15-09-2025,Rajasthan,Jaipur,302020,3,1,0
15-09-2025,Rajasthan,Jaipur,302021,8,2,0
15-09-2025,Rajasthan,Jaipur,302028,7,1,0
15-09-2025,Rajasthan,Jaipur,303007,1,0,0
15-09-2025,Rajasthan,Jaipur,303012,6,0,0
15-09-2025,Rajasthan,Jaipur,303302,5,0,0
15-09-2025,Rajasthan,Jaipur,303348,1,3,0
15-09-2025,Rajasthan,Jaipur,303701,1,1,0
15-09-2025,Rajasthan,Jaipur,303702,2,1,0
15-09-2025,Rajasthan,Jaipur,303901,6,1,0
16-09-2025,Rajasthan,Jaipur,302003,9,2,0
16-09-2025,Rajasthan,Jaipur,302028,4,2,0
16-09-2025,Rajasthan,Jaipur,303012,6,3,0
16-09-2025,Rajasthan,Jaipur,303103,11,2,0
16-09-2025,Rajasthan,Jaipur,303105,3,4,0
16-09-2025,Rajasthan,Jaipur,303305,2,2,0
16-09-2025,Rajasthan,Jaipur,303328,3,3,0
16-09-2025,Rajasthan,Jaipur,303338,7,4,0
16-09-2025,Rajasthan,Jaipur,303601,1,0,0
16-09-2025,Rajasthan,Jaipur,303603,7,1,0
16-09-2025,Rajasthan,Jaipur,303702,5,1,0
16-09-2025,Rajasthan,Jaipur,303803,2,2,0
16-09-2025,Rajasthan,Jaipur,303805,7,4,0
17-09-2025,Rajasthan,Jaipur,302027,1,2,0
17-09-2025,Rajasthan,Jaipur,303001,1,0,0
17-09-2025,Rajasthan,Jaipur,303005,5,2,0
17-09-2025,Rajasthan,Jaipur,303007,6,0,0
17-09-2025,Rajasthan,Jaipur,303008,8,3,0
17-09-2025,Rajasthan,Jaipur,303009,5,0,0
17-09-2025,Rajasthan,Jaipur,303102,2,0,0
17-09-2025,Rajasthan,Jaipur,303103,7,2,0
17-09-2025,Rajasthan,Jaipur,303121,0,1,0
17-09-2025,Rajasthan,Jaipur,303328,3,1,0
17-09-2025,Rajasthan,Jaipur,303507,2,1,0
17-09-2025,Rajasthan,Jaipur,303604,2,1,0
17-09-2025,Rajasthan,Jaipur,303905,1,0,0
18-09-2025,Rajasthan,Jaipur,302012,13,12,0
18-09-2025,Rajasthan,Jaipur,302023,2,1,0
18-09-2025,Rajasthan,Jaipur,302033,4,2,0
18-09-2025,Rajasthan,Jaipur,303002,1,1,0
18-09-2025,Rajasthan,Jaipur,303003,4,4,0
18-09-2025,Rajasthan,Jaipur,303102,2,3,0
18-09-2025,Rajasthan,Jaipur,303104,5,4,0
18-09-2025,Rajasthan,Jaipur,303107,4,1,0
18-09-2025,Rajasthan,Jaipur,303119,2,2,0
18-09-2025,Rajasthan,Jaipur,303120,3,1,0
18-09-2025,Rajasthan,Jaipur,303601,3,1,0
18-09-2025,Rajasthan,Jaipur,303603,4,1,0
18-09-2025,Rajasthan,Jaipur,303908,5,1,0
19-09-2025,Rajasthan,Jaipur,302002,7,1,0
19-09-2025,Rajasthan,Jaipur,302005,2,0,0
19-09-2025,Rajasthan,Jaipur,302015,2,2,0
19-09-2025,Rajasthan,Jaipur,302016,8,4,0
19-09-2025,Rajasthan,Jaipur,303008,3,3,0
19-09-2025,Rajasthan,Jaipur,303009,2,1,0
19-09-2025,Rajasthan,Jaipur,303104,4,1,0
19-09-2025,Rajasthan,Jaipur,303107,2,2,0
19-09-2025,Rajasthan,Jaipur,303305,2,2,0
19-09-2025,Rajasthan,Jaipur,303908,0,1,0
20-09-2025,Rajasthan,Jaipur,302002,6,0,0
20-09-2025,Rajasthan,Jaipur,302004,2,3,0
20-09-2025,Rajasthan,Jaipur,302015,2,0,0
20-09-2025,Rajasthan,Jaipur,302018,2,2,0
20-09-2025,Rajasthan,Jaipur,302023,1,0,0
20-09-2025,Rajasthan,Jaipur,302034,3,0,0
20-09-2025,Rajasthan,Jaipur,302037,2,0,0
20-09-2025,Rajasthan,Jaipur,303001,5,2,0
20-09-2025,Rajasthan,Jaipur,303012,0,1,0
20-09-2025,Rajasthan,Jaipur,303108,5,0,0
20-09-2025,Rajasthan,Jaipur,303604,2,2,0
20-09-2025,Rajasthan,Jaipur,303807,2,1,0
20-09-2025,Rajasthan,Jaipur,303901,1,4,0
22-09-2025,Rajasthan,Jaipur,302001,1,0,0
22-09-2025,Rajasthan,Jaipur,302004,1,1,0
22-09-2025,Rajasthan,Jaipur,302017,1,0,0
22-09-2025,Rajasthan,Jaipur,302021,1,1,0
22-09-2025,Rajasthan,Jaipur,302028,1,0,0
22-09-2025,Rajasthan,Jaipur,303603,0,1,0
21-09-2025,Rajasthan,Jaipur,302003,1,0,0
21-09-2025,Rajasthan,Jaipur,302019,1,0,0
21-09-2025,Rajasthan,Jaipur,303328,0,1,0
21-09-2025,Rajasthan,Jaipur,303706,0,1,0
25-09-2025,Rajasthan,Jaipur,302003,5,4,0
25-09-2025,Rajasthan,Jaipur,302004,4,1,0
25-09-2025,Rajasthan,Jaipur,302015,4,1,0
25-09-2025,Rajasthan,Jaipur,302039,1,2,0
25-09-2025,Rajasthan,Jaipur,303712,1,2,0
25-09-2025,Rajasthan,Jaipur,303901,2,1,0
25-09-2025,Rajasthan,Jaipur,303903,0,4,0
25-09-2025,Rajasthan,Jaipur,303904,0,1,0
23-09-2025,Rajasthan,Jaipur,302017,8,0,0
23-09-2025,Rajasthan,Jaipur,302021,3,4,0
23-09-2025,Rajasthan,Jaipur,302026,0,3,0
23-09-2025,Rajasthan,Jaipur,303005,0,2,0
23-09-2025,Rajasthan,Jaipur,303007,2,1,0
23-09-2025,Rajasthan,Jaipur,303105,2,2,0
23-09-2025,Rajasthan,Jaipur,303110,1,0,0
23-09-2025,Rajasthan,Jaipur,303119,1,0,0
23-09-2025,Rajasthan,Jaipur,303712,2,3,0
24-09-2025,Rajasthan,Jaipur,302018,6,2,0
24-09-2025,Rajasthan,Jaipur,302019,1,1,0
24-09-2025,Rajasthan,Jaipur,302039,7,2,0
24-09-2025,Rajasthan,Jaipur,303001,2,0,0
24-09-2025,Rajasthan,Jaipur,303005,5,0,0
24-09-2025,Rajasthan,Jaipur,303008,3,5,0
24-09-2025,Rajasthan,Jaipur,303012,1,1,0
24-09-2025,Rajasthan,Jaipur,303108,8,2,0
24-09-2025,Rajasthan,Jaipur,303338,2,1,0
24-09-2025,Rajasthan,Jaipur,303701,1,1,0
24-09-2025,Rajasthan,Jaipur,303801,2,4,0
24-09-2025,Rajasthan,Jaipur,303802,1,0,0
27-09-2025,Rajasthan,Jaipur,302020,5,2,0
27-09-2025,Rajasthan,Jaipur,302037,0,1,0
27-09-2025,Rajasthan,Jaipur,303104,1,3,0
27-09-2025,Rajasthan,Jaipur,303305,0,2,0
26-09-2025,Rajasthan,Jaipur,302002,3,0,0
26-09-2025,Rajasthan,Jaipur,302012,9,2,0
26-09-2025,Rajasthan,Jaipur,302013,1,0,0
26-09-2025,Rajasthan,Jaipur,303001,3,3,0
26-09-2025,Rajasthan,Jaipur,303005,2,1,0
26-09-2025,Rajasthan,Jaipur,303009,1,0,0
26-09-2025,Rajasthan,Jaipur,303328,2,1,0
26-09-2025,Rajasthan,Jaipur,303701,1,1,0
26-09-2025,Rajasthan,Jaipur,303805,3,4,0
28-09-2025,Rajasthan,Jaipur,302004,1,0,0
28-09-2025,Rajasthan,Jaipur,302015,1,0,0
28-09-2025,Rajasthan,Jaipur,302016,1,0,0
28-09-2025,Rajasthan,Jaipur,302021,0,1,0
28-09-2025,Rajasthan,Jaipur,303109,1,0,0
28-09-2025,Rajasthan,Jaipur,303604,1,0,0
29-09-2025,Rajasthan,Jaipur,302002,1,0,0
29-09-2025,Rajasthan,Jaipur,303009,1,0,0
29-09-2025,Rajasthan,Jaipur,303012,0,1,0
29-09-2025,Rajasthan,Jaipur,303328,1,0,0
29-09-2025,Rajasthan,Jaipur,303807,1,0,0
30-09-2025,Rajasthan,Jaipur,302026,0,1,0
26-10-2025,Rajasthan,Jaipur,302002,2,2,0
26-10-2025,Rajasthan,Jaipur,302003,1,0,1
26-10-2025,Rajasthan,Jaipur,302034,1,0,0
26-10-2025,Rajasthan,Jaipur,303001,2,0,0
26-10-2025,Rajasthan,Jaipur,303003,3,2,0
26-10-2025,Rajasthan,Jaipur,303103,1,2,0
26-10-2025,Rajasthan,Jaipur,303107,1,0,0
26-10-2025,Rajasthan,Jaipur,303119,1,0,0
26-10-2025,Rajasthan,Jaipur,303806,0,1,0
13-10-2025,Rajasthan,Jaipur,302013,2,4,0
13-10-2025,Rajasthan,Jaipur,302022,3,0,0
13-10-2025,Rajasthan,Jaipur,303001,5,1,0
13-10-2025,Rajasthan,Jaipur,303103,7,0,0
13-10-2025,Rajasthan,Jaipur,303107,0,3,0
13-10-2025,Rajasthan,Jaipur,303301,3,1,0
13-10-2025,Rajasthan,Jaipur,303602,0,1,0
13-10-2025,Rajasthan,Jaipur,303712,5,3,0
13-10-2025,Rajasthan,Jaipur,303801,5,0,0
13-10-2025,Rajasthan,Jaipur,303805,1,2,0
13-10-2025,Rajasthan,Jaipur,303903,2,1,0
13-10-2025,Rajasthan,Jaipur,303904,1,1,0
16-10-2025,Rajasthan,Jaipur,302021,3,0,0
16-10-2025,Rajasthan,Jaipur,302022,2,1,0
16-10-2025,Rajasthan,Jaipur,302028,3,2,0
16-10-2025,Rajasthan,Jaipur,302031,1,2,0
16-10-2025,Rajasthan,Jaipur,302033,0,1,0
16-10-2025,Rajasthan,Jaipur,303001,1,1,0
16-10-2025,Rajasthan,Jaipur,303002,1,3,0
16-10-2025,Rajasthan,Jaipur,303704,1,1,0
15-10-2025,Rajasthan,Jaipur,302002,14,1,0
15-10-2025,Rajasthan,Jaipur,302004,5,2,0
15-10-2025,Rajasthan,Jaipur,302033,3,1,1
15-10-2025,Rajasthan,Jaipur,303006,1,1,0
15-10-2025,Rajasthan,Jaipur,303103,5,1,0
15-10-2025,Rajasthan,Jaipur,303110,0,2,0
15-10-2025,Rajasthan,Jaipur,303328,2,1,0
15-10-2025,Rajasthan,Jaipur,303804,0,2,0
15-10-2025,Rajasthan,Jaipur,303908,3,2,0
17-10-2025,Rajasthan,Jaipur,302001,5,1,0
17-10-2025,Rajasthan,Jaipur,302022,1,0,0
17-10-2025,Rajasthan,Jaipur,302028,9,1,0
17-10-2025,Rajasthan,Jaipur,303003,3,1,0
17-10-2025,Rajasthan,Jaipur,303007,8,0,0
17-10-2025,Rajasthan,Jaipur,303103,9,4,0
17-10-2025,Rajasthan,Jaipur,303105,3,2,0
17-10-2025,Rajasthan,Jaipur,303804,1,1,0
17-10-2025,Rajasthan,Jaipur,303901,6,2,0
17-10-2025,Rajasthan,Jaipur,303903,2,1,0
20-10-2025,Rajasthan,Jaipur,302011,0,1,0
20-10-2025,Rajasthan,Jaipur,302027,2,0,0
20-10-2025,Rajasthan,Jaipur,303003,0,1,0
20-10-2025,Rajasthan,Jaipur,303007,1,0,0
20-10-2025,Rajasthan,Jaipur,303103,0,1,0
20-10-2025,Rajasthan,Jaipur,303604,0,1,0
19-10-2025,Rajasthan,Jaipur,302004,5,0,0
19-10-2025,Rajasthan,Jaipur,302015,1,0,0
19-10-2025,Rajasthan,Jaipur,302026,1,1,0
19-10-2025,Rajasthan,Jaipur,302027,4,5,0
19-10-2025,Rajasthan,Jaipur,302031,5,0,0
19-10-2025,Rajasthan,Jaipur,303001,3,1,0
19-10-2025,Rajasthan,Jaipur,303102,1,0,0
19-10-2025,Rajasthan,Jaipur,303107,1,1,0
19-10-2025,Rajasthan,Jaipur,303119,1,0,0
19-10-2025,Rajasthan,Jaipur,303804,5,1,0
19-10-2025,Rajasthan,Jaipur,303806,3,0,0
19-10-2025,Rajasthan,Jaipur,303904,2,1,0
18-10-2025,Rajasthan,Jaipur,302003,3,0,0
18-10-2025,Rajasthan,Jaipur,302012,8,5,1
18-10-2025,Rajasthan,Jaipur,302020,3,0,0
18-10-2025,Rajasthan,Jaipur,303008,7,1,0
18-10-2025,Rajasthan,Jaipur,303328,1,3,0
18-10-2025,Rajasthan,Jaipur,303602,1,0,0
18-10-2025,Rajasthan,Jaipur,303908,3,1,0
24-10-2025,Rajasthan,Jaipur,302001,1,0,0
24-10-2025,Rajasthan,Jaipur,302004,2,0,0
24-10-2025,Rajasthan,Jaipur,302020,4,0,0
24-10-2025,Rajasthan,Jaipur,302029,3,1,0
24-10-2025,Rajasthan,Jaipur,302033,3,0,0
24-10-2025,Rajasthan,Jaipur,303104,1,0,0
24-10-2025,Rajasthan,Jaipur,303105,1,0,0
24-10-2025,Rajasthan,Jaipur,303106,5,1,0
24-10-2025,Rajasthan,Jaipur,303348,1,0,0
24-10-2025,Rajasthan,Jaipur,303602,2,0,0
24-10-2025,Rajasthan,Jaipur,303903,1,0,0
24-10-2025,Rajasthan,Jaipur,303905,2,0,0
21-10-2025,Rajasthan,Jaipur,303119,1,0,0
21-10-2025,Rajasthan,Jaipur,303301,0,1,0
27-10-2025,Rajasthan,Jaipur,302001,2,0,0
27-10-2025,Rajasthan,Jaipur,302002,2,0,0
27-10-2025,Rajasthan,Jaipur,302013,2,1,0
27-10-2025,Rajasthan,Jaipur,302015,1,0,0
27-10-2025,Rajasthan,Jaipur,302027,4,1,0
27-10-2025,Rajasthan,Jaipur,302031,1,1,0
27-10-2025,Rajasthan,Jaipur,302034,1,0,0
27-10-2025,Rajasthan,Jaipur,303104,0,1,0
27-10-2025,Rajasthan,Jaipur,303106,2,2,0
27-10-2025,Rajasthan,Jaipur,303108,2,0,0
27-10-2025,Rajasthan,Jaipur,303338,1,1,0
27-10-2025,Rajasthan,Jaipur,303602,1,0,0
27-10-2025,Rajasthan,Jaipur,303603,0,1,0
25-10-2025,Rajasthan,Jaipur,302013,0,1,0
25-10-2025,Rajasthan,Jaipur,302018,2,1,0
25-10-2025,Rajasthan,Jaipur,302019,0,1,0
25-10-2025,Rajasthan,Jaipur,302021,2,1,0
25-10-2025,Rajasthan,Jaipur,302027,2,0,0
25-10-2025,Rajasthan,Jaipur,302029,4,1,0
25-10-2025,Rajasthan,Jaipur,302031,1,0,0
25-10-2025,Rajasthan,Jaipur,302033,5,1,0
25-10-2025,Rajasthan,Jaipur,303103,3,2,0
25-10-2025,Rajasthan,Jaipur,303106,2,1,0
25-10-2025,Rajasthan,Jaipur,303119,1,0,0
25-10-2025,Rajasthan,Jaipur,303305,1,0,0
25-10-2025,Rajasthan,Jaipur,303507,1,0,0
25-10-2025,Rajasthan,Jaipur,303603,7,1,0
25-10-2025,Rajasthan,Jaipur,303702,2,2,0
25-10-2025,Rajasthan,Jaipur,303806,3,0,0
28-10-2025,Rajasthan,Jaipur,302004,2,1,0
28-10-2025,Rajasthan,Jaipur,302006,1,2,0
28-10-2025,Rajasthan,Jaipur,302015,1,1,0
28-10-2025,Rajasthan,Jaipur,302033,2,0,0
28-10-2025,Rajasthan,Jaipur,303007,2,2,0
28-10-2025,Rajasthan,Jaipur,303009,2,0,0
28-10-2025,Rajasthan,Jaipur,303102,2,3,0
28-10-2025,Rajasthan,Jaipur,303105,3,3,0
28-10-2025,Rajasthan,Jaipur,303603,1,1,0
28-10-2025,Rajasthan,Jaipur,303701,1,0,0
28-10-2025,Rajasthan,Jaipur,303901,2,3,0
28-10-2025,Rajasthan,Jaipur,303905,1,0,0
29-10-2025,Rajasthan,Jaipur,302020,3,0,0
29-10-2025,Rajasthan,Jaipur,302028,4,1,0
29-10-2025,Rajasthan,Jaipur,302029,4,0,0
29-10-2025,Rajasthan,Jaipur,302034,1,1,0
29-10-2025,Rajasthan,Jaipur,303005,2,0,0
29-10-2025,Rajasthan,Jaipur,303105,1,0,0
29-10-2025,Rajasthan,Jaipur,303348,2,0,0
29-10-2025,Rajasthan,Jaipur,303807,1,0,0
29-10-2025,Rajasthan,Jaipur,303908,1,0,0
6/11/2025,Rajasthan,Jaipur,302004,5,0,0
6/11/2025,Rajasthan,Jaipur,302016,16,0,0
6/11/2025,Rajasthan,Jaipur,302039,2,3,0
6/11/2025,Rajasthan,Jaipur,303002,3,0,0
6/11/2025,Rajasthan,Jaipur,303007,2,0,0
6/11/2025,Rajasthan,Jaipur,303105,0,1,0
6/11/2025,Rajasthan,Jaipur,303107,0,1,0
6/11/2025,Rajasthan,Jaipur,303119,2,0,0
6/11/2025,Rajasthan,Jaipur,303338,8,0,0
6/11/2025,Rajasthan,Jaipur,303604,5,1,0
6/11/2025,Rajasthan,Jaipur,303706,1,1,0
6/11/2025,Rajasthan,Jaipur,303804,1,0,0
5/11/2025,Rajasthan,Jaipur,302001,3,0,0
5/11/2025,Rajasthan,Jaipur,302004,2,2,1
5/11/2025,Rajasthan,Jaipur,302026,4,1,0
5/11/2025,Rajasthan,Jaipur,303001,6,0,0
5/11/2025,Rajasthan,Jaipur,303004,2,0,0
5/11/2025,Rajasthan,Jaipur,303005,13,1,0
5/11/2025,Rajasthan,Jaipur,303008,3,2,0
5/11/2025,Rajasthan,Jaipur,303110,2,2,0
5/11/2025,Rajasthan,Jaipur,303604,5,0,0
5/11/2025,Rajasthan,Jaipur,303801,6,0,0
5/11/2025,Rajasthan,Jaipur,303905,3,0,0
8/11/2025,Rajasthan,Jaipur,302001,7,0,0
8/11/2025,Rajasthan,Jaipur,302013,2,2,0
8/11/2025,Rajasthan,Jaipur,302022,1,1,0
8/11/2025,Rajasthan,Jaipur,302025,0,1,0
8/11/2025,Rajasthan,Jaipur,303001,2,1,0
8/11/2025,Rajasthan,Jaipur,303003,1,1,0
8/11/2025,Rajasthan,Jaipur,303108,6,1,0
8/11/2025,Rajasthan,Jaipur,303110,1,1,0
8/11/2025,Rajasthan,Jaipur,303119,2,0,0
8/11/2025,Rajasthan,Jaipur,303120,1,1,0
8/11/2025,Rajasthan,Jaipur,303601,1,0,0
8/11/2025,Rajasthan,Jaipur,303602,2,1,0
8/11/2025,Rajasthan,Jaipur,303604,4,0,0
8/11/2025,Rajasthan,Jaipur,303702,1,2,0
8/11/2025,Rajasthan,Jaipur,303803,1,2,0
8/11/2025,Rajasthan,Jaipur,303903,1,1,0
7/11/2025,Rajasthan,Jaipur,302001,4,1,0
7/11/2025,Rajasthan,Jaipur,302006,4,2,0
7/11/2025,Rajasthan,Jaipur,302015,1,0,0
7/11/2025,Rajasthan,Jaipur,302018,1,1,0
7/11/2025,Rajasthan,Jaipur,303002,2,0,0
7/11/2025,Rajasthan,Jaipur,303003,2,3,0
7/11/2025,Rajasthan,Jaipur,303006,0,2,0
7/11/2025,Rajasthan,Jaipur,303012,1,3,1
7/11/2025,Rajasthan,Jaipur,303107,4,0,0
7/11/2025,Rajasthan,Jaipur,303119,2,1,0
7/11/2025,Rajasthan,Jaipur,303120,3,2,0
7/11/2025,Rajasthan,Jaipur,303603,7,1,1
7/11/2025,Rajasthan,Jaipur,303702,2,1,0
9/11/2025,Rajasthan,Jaipur,302001,7,1,0
9/11/2025,Rajasthan,Jaipur,302002,10,1,0
9/11/2025,Rajasthan,Jaipur,302015,4,1,0
9/11/2025,Rajasthan,Jaipur,302021,8,2,0
9/11/2025,Rajasthan,Jaipur,302024,1,0,0
9/11/2025,Rajasthan,Jaipur,302028,2,0,0
9/11/2025,Rajasthan,Jaipur,302039,2,0,0
9/11/2025,Rajasthan,Jaipur,303005,2,1,0
9/11/2025,Rajasthan,Jaipur,303006,2,0,0
9/11/2025,Rajasthan,Jaipur,303007,3,0,0
9/11/2025,Rajasthan,Jaipur,303009,0,1,0
9/11/2025,Rajasthan,Jaipur,303108,6,0,0
9/11/2025,Rajasthan,Jaipur,303109,2,2,0
9/11/2025,Rajasthan,Jaipur,303110,2,0,0
9/11/2025,Rajasthan,Jaipur,303602,1,0,0
9/11/2025,Rajasthan,Jaipur,303712,2,2,0
9/11/2025,Rajasthan,Jaipur,303807,2,0,0
9/11/2025,Rajasthan,Jaipur,303904,6,2,0
10/11/2025,Rajasthan,Jaipur,302006,10,1,0
10/11/2025,Rajasthan,Jaipur,302020,9,1,0
10/11/2025,Rajasthan,Jaipur,302026,2,0,0
10/11/2025,Rajasthan,Jaipur,302029,15,6,0
10/11/2025,Rajasthan,Jaipur,303107,3,0,0
10/11/2025,Rajasthan,Jaipur,303108,0,1,0
10/11/2025,Rajasthan,Jaipur,303110,1,0,0
10/11/2025,Rajasthan,Jaipur,303120,7,4,0
10/11/2025,Rajasthan,Jaipur,303328,4,2,0
10/11/2025,Rajasthan,Jaipur,303701,3,0,0
10/11/2025,Rajasthan,Jaipur,303704,2,3,0
10/11/2025,Rajasthan,Jaipur,303706,1,1,0
10/11/2025,Rajasthan,Jaipur,303804,2,1,0
10/11/2025,Rajasthan,Jaipur,303905,2,3,0
10/11/2025,Rajasthan,Jaipur,303908,3,2,0
14-11-2025,Rajasthan,Jaipur,302019,1,1,0
14-11-2025,Rajasthan,Jaipur,302021,1,0,0
14-11-2025,Rajasthan,Jaipur,302029,4,2,0
14-11-2025,Rajasthan,Jaipur,303002,3,3,0
14-11-2025,Rajasthan,Jaipur,303107,2,0,0
14-11-2025,Rajasthan,Jaipur,303110,0,1,0
14-11-2025,Rajasthan,Jaipur,303338,0,4,0
14-11-2025,Rajasthan,Jaipur,303803,2,1,0
14-11-2025,Rajasthan,Jaipur,303901,3,5,1
14-11-2025,Rajasthan,Jaipur,303903,1,0,0
13-11-2025,Rajasthan,Jaipur,302001,3,0,6
13-11-2025,Rajasthan,Jaipur,302003,5,4,14
13-11-2025,Rajasthan,Jaipur,302013,0,0,2
13-11-2025,Rajasthan,Jaipur,302019,1,0,1
13-11-2025,Rajasthan,Jaipur,302023,1,1,0
13-11-2025,Rajasthan,Jaipur,302027,3,1,3
13-11-2025,Rajasthan,Jaipur,302033,2,0,4
13-11-2025,Rajasthan,Jaipur,303007,1,0,1
13-11-2025,Rajasthan,Jaipur,303107,1,0,5
13-11-2025,Rajasthan,Jaipur,303305,0,1,1
13-11-2025,Rajasthan,Jaipur,303328,0,1,3
13-11-2025,Rajasthan,Jaipur,303602,0,1,1
13-11-2025,Rajasthan,Jaipur,303803,1,0,1
13-11-2025,Rajasthan,Jaipur,303905,2,1,1
1/11/2025,Rajasthan,Jaipur,302015,0,2,0
1/11/2025,Rajasthan,Jaipur,302016,1,1,0
1/11/2025,Rajasthan,Jaipur,302017,4,2,0
1/11/2025,Rajasthan,Jaipur,303005,2,0,0
1/11/2025,Rajasthan,Jaipur,303712,0,0,1
1/11/2025,Rajasthan,Jaipur,303905,2,0,0
30-10-2025,Rajasthan,Jaipur,302004,9,4,1
30-10-2025,Rajasthan,Jaipur,302006,12,2,0
30-10-2025,Rajasthan,Jaipur,302017,8,10,0
30-10-2025,Rajasthan,Jaipur,302025,1,0,0
30-10-2025,Rajasthan,Jaipur,302033,5,1,0
30-10-2025,Rajasthan,Jaipur,303004,2,1,0
30-10-2025,Rajasthan,Jaipur,303007,7,3,0
30-10-2025,Rajasthan,Jaipur,303103,3,11,0
30-10-2025,Rajasthan,Jaipur,303119,4,2,0
30-10-2025,Rajasthan,Jaipur,303120,6,3,0
30-10-2025,Rajasthan,Jaipur,303301,2,1,0
30-10-2025,Rajasthan,Jaipur,303701,4,4,0
30-10-2025,Rajasthan,Jaipur,303803,1,1,0
30-10-2025,Rajasthan,Jaipur,303805,1,1,0
30-10-2025,Rajasthan,Jaipur,303903,3,2,0
31-10-2025,Rajasthan,Jaipur,302005,0,1,0
31-10-2025,Rajasthan,Jaipur,302018,2,0,0
31-10-2025,Rajasthan,Jaipur,303007,4,3,0
31-10-2025,Rajasthan,Jaipur,303102,2,1,0
31-10-2025,Rajasthan,Jaipur,303103,5,7,0
31-10-2025,Rajasthan,Jaipur,303108,1,5,0
31-10-2025,Rajasthan,Jaipur,303119,3,1,0
31-10-2025,Rajasthan,Jaipur,303507,1,0,0
31-10-2025,Rajasthan,Jaipur,303601,2,3,0
31-10-2025,Rajasthan,Jaipur,303602,1,1,0
31-10-2025,Rajasthan,Jaipur,303704,2,1,0
31-10-2025,Rajasthan,Jaipur,303905,2,1,0
31-10-2025,Rajasthan,Jaipur,303908,1,5,0
2/11/2025,Rajasthan,Jaipur,302004,7,4,0
2/11/2025,Rajasthan,Jaipur,302015,6,1,0
2/11/2025,Rajasthan,Jaipur,302016,15,8,0
2/11/2025,Rajasthan,Jaipur,302019,5,4,0
2/11/2025,Rajasthan,Jaipur,302023,1,0,0
2/11/2025,Rajasthan,Jaipur,302028,6,0,0
2/11/2025,Rajasthan,Jaipur,302029,11,3,1
2/11/2025,Rajasthan,Jaipur,302033,5,3,0
2/11/2025,Rajasthan,Jaipur,302039,17,0,0
2/11/2025,Rajasthan,Jaipur,303001,7,2,0
2/11/2025,Rajasthan,Jaipur,303002,3,2,0
2/11/2025,Rajasthan,Jaipur,303104,6,2,0
2/11/2025,Rajasthan,Jaipur,303105,3,0,0
2/11/2025,Rajasthan,Jaipur,303108,6,5,0
2/11/2025,Rajasthan,Jaipur,303109,10,4,0
2/11/2025,Rajasthan,Jaipur,303110,5,0,0
2/11/2025,Rajasthan,Jaipur,303119,4,4,0
2/11/2025,Rajasthan,Jaipur,303338,10,1,0
2/11/2025,Rajasthan,Jaipur,303706,2,0,0
2/11/2025,Rajasthan,Jaipur,303904,0,2,0
3/11/2025,Rajasthan,Jaipur,302003,2,0,0
3/11/2025,Rajasthan,Jaipur,302013,3,2,0
3/11/2025,Rajasthan,Jaipur,302016,3,2,0
3/11/2025,Rajasthan,Jaipur,302025,0,1,0
3/11/2025,Rajasthan,Jaipur,302027,1,0,0
3/11/2025,Rajasthan,Jaipur,302034,0,1,0
3/11/2025,Rajasthan,Jaipur,303008,1,0,0
3/11/2025,Rajasthan,Jaipur,303109,0,2,0
3/11/2025,Rajasthan,Jaipur,303328,1,2,0
3/11/2025,Rajasthan,Jaipur,303908,0,2,0
12/11/2025,Rajasthan,Jaipur,302004,2,2,6
12/11/2025,Rajasthan,Jaipur,302016,3,1,3
12/11/2025,Rajasthan,Jaipur,302018,0,0,1
12/11/2025,Rajasthan,Jaipur,302022,1,0,0
12/11/2025,Rajasthan,Jaipur,302027,1,1,3
12/11/2025,Rajasthan,Jaipur,302031,4,2,1
12/11/2025,Rajasthan,Jaipur,302033,2,0,0
12/11/2025,Rajasthan,Jaipur,303002,1,1,0
12/11/2025,Rajasthan,Jaipur,303003,0,2,0
12/11/2025,Rajasthan,Jaipur,303119,2,0,0
12/11/2025,Rajasthan,Jaipur,303338,1,1,0
12/11/2025,Rajasthan,Jaipur,303603,4,1,2
11/11/2025,Rajasthan,Jaipur,302012,10,4,0
11/11/2025,Rajasthan,Jaipur,302021,2,2,0
11/11/2025,Rajasthan,Jaipur,302026,1,0,0
11/11/2025,Rajasthan,Jaipur,302027,3,0,0
11/11/2025,Rajasthan,Jaipur,302033,1,1,0
11/11/2025,Rajasthan,Jaipur,303001,1,2,0
11/11/2025,Rajasthan,Jaipur,303006,2,1,0
11/11/2025,Rajasthan,Jaipur,303007,1,3,0
11/11/2025,Rajasthan,Jaipur,303103,2,2,0
11/11/2025,Rajasthan,Jaipur,303105,1,0,0
11/11/2025,Rajasthan,Jaipur,303603,3,1,0
11/11/2025,Rajasthan,Jaipur,303802,1,0,0
11/11/2025,Rajasthan,Jaipur,303901,1,3,0
15-11-2025,Rajasthan,Jaipur,302012,24,16,0
15-11-2025,Rajasthan,Jaipur,302018,5,2,0
15-11-2025,Rajasthan,Jaipur,302019,2,2,1
15-11-2025,Rajasthan,Jaipur,302020,10,6,0
15-11-2025,Rajasthan,Jaipur,302027,4,5,0
15-11-2025,Rajasthan,Jaipur,302033,5,0,0
15-11-2025,Rajasthan,Jaipur,302037,2,0,0
15-11-2025,Rajasthan,Jaipur,303007,8,0,0
15-11-2025,Rajasthan,Jaipur,303008,12,3,0
15-11-2025,Rajasthan,Jaipur,303012,8,8,0
15-11-2025,Rajasthan,Jaipur,303107,2,3,0
15-11-2025,Rajasthan,Jaipur,303301,10,7,0
15-11-2025,Rajasthan,Jaipur,303712,4,3,0
15-11-2025,Rajasthan,Jaipur,303807,3,2,0
15-11-2025,Rajasthan,Jaipur,303901,7,7,0
15-11-2025,Rajasthan,Jaipur,303908,2,3,0
16-11-2025,Rajasthan,Jaipur,302012,11,4,0
16-11-2025,Rajasthan,Jaipur,302017,7,1,0
16-11-2025,Rajasthan,Jaipur,302021,5,1,0
16-11-2025,Rajasthan,Jaipur,302022,2,0,0
16-11-2025,Rajasthan,Jaipur,302028,1,1,0
16-11-2025,Rajasthan,Jaipur,302034,1,0,0
16-11-2025,Rajasthan,Jaipur,303002,0,2,0
16-11-2025,Rajasthan,Jaipur,303007,2,1,0
16-11-2025,Rajasthan,Jaipur,303008,5,1,0
16-11-2025,Rajasthan,Jaipur,303103,5,8,0
16-11-2025,Rajasthan,Jaipur,303104,2,1,0
16-11-2025,Rajasthan,Jaipur,303302,1,0,0
16-11-2025,Rajasthan,Jaipur,303601,1,0,0
16-11-2025,Rajasthan,Jaipur,303704,1,0,0
16-11-2025,Rajasthan,Jaipur,303801,0,2,0
16-11-2025,Rajasthan,Jaipur,303803,1,0,0
16-11-2025,Rajasthan,Jaipur,303805,3,3,0
16-11-2025,Rajasthan,Jaipur,303908,1,4,0
17-11-2025,Rajasthan,Jaipur,302002,4,0,0
17-11-2025,Rajasthan,Jaipur,302006,4,0,0
17-11-2025,Rajasthan,Jaipur,302016,4,0,1
17-11-2025,Rajasthan,Jaipur,302039,2,2,0
17-11-2025,Rajasthan,Jaipur,303106,1,0,0
17-11-2025,Rajasthan,Jaipur,303107,2,0,0
17-11-2025,Rajasthan,Jaipur,303108,2,2,0
17-11-2025,Rajasthan,Jaipur,303348,1,0,0
17-11-2025,Rajasthan,Jaipur,303802,1,0,0
17-11-2025,Rajasthan,Jaipur,303803,1,1,0
18-11-2025,Rajasthan,Jaipur,302001,5,4,1
18-11-2025,Rajasthan,Jaipur,302006,7,3,0
18-11-2025,Rajasthan,Jaipur,302018,0,2,0
18-11-2025,Rajasthan,Jaipur,302019,8,4,0
18-11-2025,Rajasthan,Jaipur,302029,6,4,2
18-11-2025,Rajasthan,Jaipur,303102,4,2,0
18-11-2025,Rajasthan,Jaipur,303107,3,0,0
18-11-2025,Rajasthan,Jaipur,303110,2,0,0
18-11-2025,Rajasthan,Jaipur,303328,4,2,0
18-11-2025,Rajasthan,Jaipur,303603,3,1,0
18-11-2025,Rajasthan,Jaipur,303704,1,0,0
18-11-2025,Rajasthan,Jaipur,303706,1,0,0
18-11-2025,Rajasthan,Jaipur,303801,4,0,0
18-11-2025,Rajasthan,Jaipur,303908,3,1,0
19-11-2025,Rajasthan,Jaipur,302011,1,0,0
19-11-2025,Rajasthan,Jaipur,302013,10,0,0
19-11-2025,Rajasthan,Jaipur,302016,21,2,0
19-11-2025,Rajasthan,Jaipur,302028,8,4,0
19-11-2025,Rajasthan,Jaipur,302031,6,6,0
19-11-2025,Rajasthan,Jaipur,302032,0,1,0
19-11-2025,Rajasthan,Jaipur,303104,3,6,0
19-11-2025,Rajasthan,Jaipur,303107,4,1,0
19-11-2025,Rajasthan,Jaipur,303110,4,2,0
19-11-2025,Rajasthan,Jaipur,303305,2,2,0
19-11-2025,Rajasthan,Jaipur,303328,11,2,0
19-11-2025,Rajasthan,Jaipur,303701,7,2,0
19-11-2025,Rajasthan,Jaipur,303702,4,1,0
19-11-2025,Rajasthan,Jaipur,303901,8,4,0
25-11-2025,Rajasthan,Jaipur,302001,6,2,0
25-11-2025,Rajasthan,Jaipur,302002,14,1,0
25-11-2025,Rajasthan,Jaipur,302017,7,1,0
25-11-2025,Rajasthan,Jaipur,302019,6,1,0
25-11-2025,Rajasthan,Jaipur,302021,4,0,0
25-11-2025,Rajasthan,Jaipur,302029,7,3,0
25-11-2025,Rajasthan,Jaipur,303108,4,0,0
25-11-2025,Rajasthan,Jaipur,303109,5,2,0
25-11-2025,Rajasthan,Jaipur,303302,1,1,0
25-11-2025,Rajasthan,Jaipur,303305,2,2,0
25-11-2025,Rajasthan,Jaipur,303328,0,1,0
25-11-2025,Rajasthan,Jaipur,303602,2,2,0
25-11-2025,Rajasthan,Jaipur,303702,3,1,0
25-11-2025,Rajasthan,Jaipur,303806,3,1,0
25-11-2025,Rajasthan,Jaipur,303807,1,0,0
25-11-2025,Rajasthan,Jaipur,303908,4,0,1
15-12-2025,Rajasthan,Jaipur,302013,10,9,1
15-12-2025,Rajasthan,Jaipur,302015,13,1,0
15-12-2025,Rajasthan,Jaipur,302023,2,0,0
15-12-2025,Rajasthan,Jaipur,302029,19,12,0
15-12-2025,Rajasthan,Jaipur,303004,1,0,0
15-12-2025,Rajasthan,Jaipur,303102,2,3,0
15-12-2025,Rajasthan,Jaipur,303107,2,5,0
15-12-2025,Rajasthan,Jaipur,303109,3,2,0
15-12-2025,Rajasthan,Jaipur,303301,6,5,0
15-12-2025,Rajasthan,Jaipur,303328,5,3,0
15-12-2025,Rajasthan,Jaipur,303603,8,2,0
15-12-2025,Rajasthan,Jaipur,303701,2,0,0
21-12-2025,Rajasthan,Jaipur,302002,4,0,0
21-12-2025,Rajasthan,Jaipur,302013,1,0,0
21-12-2025,Rajasthan,Jaipur,302015,1,0,0
21-12-2025,Rajasthan,Jaipur,302021,2,0,0
21-12-2025,Rajasthan,Jaipur,302039,2,0,0
21-12-2025,Rajasthan,Jaipur,303003,1,0,0
21-12-2025,Rajasthan,Jaipur,303006,1,0,0
21-12-2025,Rajasthan,Jaipur,303104,4,0,0
21-12-2025,Rajasthan,Jaipur,303105,3,0,0
21-12-2025,Rajasthan,Jaipur,303121,1,0,0
21-12-2025,Rajasthan,Jaipur,303603,3,0,0
21-12-2025,Rajasthan,Jaipur,303701,1,0,0
21-12-2025,Rajasthan,Jaipur,303704,1,0,0
22-12-2025,Rajasthan,Jaipur,302011,3,0,0
22-12-2025,Rajasthan,Jaipur,302012,43,0,0
22-12-2025,Rajasthan,Jaipur,302016,14,0,0
22-12-2025,Rajasthan,Jaipur,302019,6,0,0
22-12-2025,Rajasthan,Jaipur,302023,2,0,0
22-12-2025,Rajasthan,Jaipur,303007,13,0,0
22-12-2025,Rajasthan,Jaipur,303109,8,0,0
22-12-2025,Rajasthan,Jaipur,303301,8,0,0
22-12-2025,Rajasthan,Jaipur,303348,6,0,0
22-12-2025,Rajasthan,Jaipur,303602,7,0,0
22-12-2025,Rajasthan,Jaipur,303603,3,0,0
23-12-2025,Rajasthan,Jaipur,302006,2,0,0
23-12-2025,Rajasthan,Jaipur,302012,13,0,0
23-12-2025,Rajasthan,Jaipur,302020,16,0,0
23-12-2025,Rajasthan,Jaipur,302028,2,0,0
23-12-2025,Rajasthan,Jaipur,302029,6,0,0
23-12-2025,Rajasthan,Jaipur,303005,3,0,0
23-12-2025,Rajasthan,Jaipur,303008,5,0,0
23-12-2025,Rajasthan,Jaipur,303106,3,0,0
23-12-2025,Rajasthan,Jaipur,303107,5,0,0
23-12-2025,Rajasthan,Jaipur,303338,1,0,0
24-12-2025,Rajasthan,Jaipur,302001,2,0,0
24-12-2025,Rajasthan,Jaipur,302003,2,2,0
24-12-2025,Rajasthan,Jaipur,302004,1,1,0
24-12-2025,Rajasthan,Jaipur,302017,3,1,0
24-12-2025,Rajasthan,Jaipur,302021,5,0,0
24-12-2025,Rajasthan,Jaipur,302025,1,0,0
24-12-2025,Rajasthan,Jaipur,302029,6,4,0
24-12-2025,Rajasthan,Jaipur,302033,0,1,0
24-12-2025,Rajasthan,Jaipur,303002,1,0,0
24-12-2025,Rajasthan,Jaipur,303006,0,1,0
24-12-2025,Rajasthan,Jaipur,303305,0,5,0
24-12-2025,Rajasthan,Jaipur,303601,2,0,0
24-12-2025,Rajasthan,Jaipur,303801,0,1,0
24-12-2025,Rajasthan,Jaipur,303805,0,1,0
24-12-2025,Rajasthan,Jaipur,303806,1,2,0
24-12-2025,Rajasthan,Jaipur,303903,1,1,0
26-12-2025,Rajasthan,Jaipur,302006,5,0,0
26-12-2025,Rajasthan,Jaipur,302021,4,2,0
26-12-2025,Rajasthan,Jaipur,302022,5,1,0
26-12-2025,Rajasthan,Jaipur,302027,3,4,0
26-12-2025,Rajasthan,Jaipur,302039,2,2,0
26-12-2025,Rajasthan,Jaipur,303005,4,0,0
26-12-2025,Rajasthan,Jaipur,303006,2,0,0
26-12-2025,Rajasthan,Jaipur,303007,2,0,0
26-12-2025,Rajasthan,Jaipur,303012,5,2,0
26-12-2025,Rajasthan,Jaipur,303105,4,0,0
26-12-2025,Rajasthan,Jaipur,303301,8,3,0
26-12-2025,Rajasthan,Jaipur,303328,4,0,0
26-12-2025,Rajasthan,Jaipur,303507,1,0,0
26-12-2025,Rajasthan,Jaipur,303704,2,1,0
26-12-2025,Rajasthan,Jaipur,303806,4,2,0
26-12-2025,Rajasthan,Jaipur,303905,2,1,0
25-12-2025,Rajasthan,Jaipur,302004,0,3,0
25-12-2025,Rajasthan,Jaipur,302015,2,1,0
25-12-2025,Rajasthan,Jaipur,302020,4,7,2
25-12-2025,Rajasthan,Jaipur,302022,0,2,0
25-12-2025,Rajasthan,Jaipur,302028,2,2,0
25-12-2025,Rajasthan,Jaipur,303004,0,1,0
25-12-2025,Rajasthan,Jaipur,303005,0,1,0
25-12-2025,Rajasthan,Jaipur,303008,3,1,0
25-12-2025,Rajasthan,Jaipur,303107,0,2,0
25-12-2025,Rajasthan,Jaipur,303110,0,1,0
25-12-2025,Rajasthan,Jaipur,303702,1,2,0
25-12-2025,Rajasthan,Jaipur,303903,0,2,0
28-12-2025,Rajasthan,Jaipur,302006,7,4,0
28-12-2025,Rajasthan,Jaipur,302012,16,11,0
28-12-2025,Rajasthan,Jaipur,302013,8,4,0
28-12-2025,Rajasthan,Jaipur,302016,11,1,0
28-12-2025,Rajasthan,Jaipur,302021,6,1,0
28-12-2025,Rajasthan,Jaipur,302027,4,3,0
28-12-2025,Rajasthan,Jaipur,302033,5,2,0
28-12-2025,Rajasthan,Jaipur,303107,7,0,0
28-12-2025,Rajasthan,Jaipur,303328,8,3,0
28-12-2025,Rajasthan,Jaipur,303348,3,2,0
28-12-2025,Rajasthan,Jaipur,303701,0,2,0
28-12-2025,Rajasthan,Jaipur,303702,0,1,0
28-12-2025,Rajasthan,Jaipur,303704,1,2,0
28-12-2025,Rajasthan,Jaipur,303802,1,0,0
28-12-2025,Rajasthan,Jaipur,303805,2,4,0
28-12-2025,Rajasthan,Jaipur,303901,6,0,0
28-12-2025,Rajasthan,Jaipur,303905,4,3,0
29-12-2025,Rajasthan,Jaipur,302004,4,0,0
29-12-2025,Rajasthan,Jaipur,302020,3,6,2
29-12-2025,Rajasthan,Jaipur,302033,3,1,0
29-12-2025,Rajasthan,Jaipur,302034,2,2,0
29-12-2025,Rajasthan,Jaipur,303103,0,2,0
29-12-2025,Rajasthan,Jaipur,303106,8,0,0
29-12-2025,Rajasthan,Jaipur,303110,1,2,0
29-12-2025,Rajasthan,Jaipur,303805,3,0,0
27-12-2025,Rajasthan,Jaipur,302001,1,2,0
27-12-2025,Rajasthan,Jaipur,302022,3,0,0
27-12-2025,Rajasthan,Jaipur,303004,1,0,0
27-12-2025,Rajasthan,Jaipur,303328,7,2,0
27-12-2025,Rajasthan,Jaipur,303801,8,1,0
27-12-2025,Rajasthan,Jaipur,303903,4,1,0
31-12-2025,Rajasthan,Jaipur,302015,2,4,0
31-12-2025,Rajasthan,Jaipur,302039,8,2,0
31-12-2025,Rajasthan,Jaipur,303003,1,3,0
31-12-2025,Rajasthan,Jaipur,303102,0,3,0
31-12-2025,Rajasthan,Jaipur,303107,4,10,0
31-12-2025,Rajasthan,Jaipur,303302,8,1,0
31-12-2025,Rajasthan,Jaipur,303328,16,9,0
31-12-2025,Rajasthan,Jaipur,303701,8,3,0
31-12-2025,Rajasthan,Jaipur,303712,4,7,0
31-12-2025,Rajasthan,Jaipur,303801,11,2,0
31-12-2025,Rajasthan,Jaipur,303903,1,7,0
1/1/2026,Rajasthan,Jaipur,302002,18,5,0
1/1/2026,Rajasthan,Jaipur,302003,15,7,0
1/1/2026,Rajasthan,Jaipur,302012,47,25,0
1/1/2026,Rajasthan,Jaipur,302019,8,2,0
1/1/2026,Rajasthan,Jaipur,302021,10,3,0
1/1/2026,Rajasthan,Jaipur,302024,0,1,0
1/1/2026,Rajasthan,Jaipur,302031,15,6,0
1/1/2026,Rajasthan,Jaipur,302033,3,2,0
1/1/2026,Rajasthan,Jaipur,302034,3,2,0
1/1/2026,Rajasthan,Jaipur,302039,6,7,0
1/1/2026,Rajasthan,Jaipur,303001,4,3,0
1/1/2026,Rajasthan,Jaipur,303002,0,5,0
1/1/2026,Rajasthan,Jaipur,303008,6,5,0
1/1/2026,Rajasthan,Jaipur,303103,8,3,0
1/1/2026,Rajasthan,Jaipur,303701,6,4,0
1/1/2026,Rajasthan,Jaipur,303802,2,0,0
1/1/2026,Rajasthan,Jaipur,303803,4,4,0
1/1/2026,Rajasthan,Jaipur,303901,8,4,0
2/1/2026,Rajasthan,Jaipur,302004,8,4,1
2/1/2026,Rajasthan,Jaipur,302011,1,0,0
2/1/2026,Rajasthan,Jaipur,302012,23,15,0
2/1/2026,Rajasthan,Jaipur,302015,2,4,0
2/1/2026,Rajasthan,Jaipur,302016,19,3,0
2/1/2026,Rajasthan,Jaipur,302027,8,3,0
2/1/2026,Rajasthan,Jaipur,302028,9,2,0
2/1/2026,Rajasthan,Jaipur,302033,13,6,2
2/1/2026,Rajasthan,Jaipur,303008,9,8,0
2/1/2026,Rajasthan,Jaipur,303104,1,5,0
2/1/2026,Rajasthan,Jaipur,303108,8,8,0
2/1/2026,Rajasthan,Jaipur,303305,5,6,0
2/1/2026,Rajasthan,Jaipur,303604,3,2,0
2/1/2026,Rajasthan,Jaipur,303904,4,2,0
3/1/2026,Rajasthan,Jaipur,302021,2,1,0
3/1/2026,Rajasthan,Jaipur,302031,0,1,0
3/1/2026,Rajasthan,Jaipur,302033,1,1,0
3/1/2026,Rajasthan,Jaipur,303002,1,0,0
3/1/2026,Rajasthan,Jaipur,303804,0,1,0
3/1/2026,Rajasthan,Jaipur,303904,1,1,0
9/6/2025,Rajasthan,Jaipur,302004,3,0,0
9/6/2025,Rajasthan,Jaipur,302017,4,4,0
9/6/2025,Rajasthan,Jaipur,302026,2,2,0
9/6/2025,Rajasthan,Jaipur,302031,6,3,0
9/6/2025,Rajasthan,Jaipur,302039,6,3,1
9/6/2025,Rajasthan,Jaipur,303003,6,3,0
9/6/2025,Rajasthan,Jaipur,303005,4,4,0
9/6/2025,Rajasthan,Jaipur,303008,6,5,0
9/6/2025,Rajasthan,Jaipur,303103,6,10,0
9/6/2025,Rajasthan,Jaipur,303302,1,0,0
9/6/2025,Rajasthan,Jaipur,303338,5,2,0
9/6/2025,Rajasthan,Jaipur,303348,4,2,0
9/6/2025,Rajasthan,Jaipur,303702,3,0,0
9/6/2025,Rajasthan,Jaipur,303704,2,3,0
9/6/2025,Rajasthan,Jaipur,303807,2,2,0
9/6/2025,Rajasthan,Jaipur,303903,1,6,0
9/6/2025,Rajasthan,Jaipur,303905,2,3,0
9/6/2025,Rajasthan,Jaipur,303908,1,3,0
10/6/2025,Rajasthan,Jaipur,302001,4,4,0
10/6/2025,Rajasthan,Jaipur,302006,2,4,0
10/6/2025,Rajasthan,Jaipur,302012,10,10,0
10/6/2025,Rajasthan,Jaipur,302017,7,4,0
10/6/2025,Rajasthan,Jaipur,302018,3,4,1
10/6/2025,Rajasthan,Jaipur,302026,2,3,0
10/6/2025,Rajasthan,Jaipur,302032,3,1,0
10/6/2025,Rajasthan,Jaipur,303002,1,0,0
10/6/2025,Rajasthan,Jaipur,303007,5,0,0
10/6/2025,Rajasthan,Jaipur,303008,1,2,0
10/6/2025,Rajasthan,Jaipur,303012,7,0,0
10/6/2025,Rajasthan,Jaipur,303120,1,5,0
10/6/2025,Rajasthan,Jaipur,303301,8,7,0
10/6/2025,Rajasthan,Jaipur,303305,5,0,0
10/6/2025,Rajasthan,Jaipur,303328,4,1,0
10/6/2025,Rajasthan,Jaipur,303603,6,3,0
10/6/2025,Rajasthan,Jaipur,303604,4,5,0
10/6/2025,Rajasthan,Jaipur,303704,1,5,0
10/6/2025,Rajasthan,Jaipur,303706,1,1,1
10/6/2025,Rajasthan,Jaipur,303801,0,5,0
10/6/2025,Rajasthan,Jaipur,303903,7,3,1
11/6/2025,Rajasthan,Jaipur,302001,2,1,0
11/6/2025,Rajasthan,Jaipur,302017,0,2,0
11/6/2025,Rajasthan,Jaipur,302022,0,1,0
11/6/2025,Rajasthan,Jaipur,302027,1,4,0
11/6/2025,Rajasthan,Jaipur,302033,2,2,0
11/6/2025,Rajasthan,Jaipur,303110,5,2,0
11/6/2025,Rajasthan,Jaipur,303601,0,2,0
11/6/2025,Rajasthan,Jaipur,303604,3,0,0
11/6/2025,Rajasthan,Jaipur,303801,2,3,0
11/6/2025,Rajasthan,Jaipur,303904,1,2,0
13-06-2025,Rajasthan,Jaipur,302004,5,7,0
13-06-2025,Rajasthan,Jaipur,302017,7,1,0
13-06-2025,Rajasthan,Jaipur,302031,3,4,0
13-06-2025,Rajasthan,Jaipur,302033,3,0,1
13-06-2025,Rajasthan,Jaipur,303001,2,1,0
13-06-2025,Rajasthan,Jaipur,303108,4,3,0
13-06-2025,Rajasthan,Jaipur,303338,2,0,0
13-06-2025,Rajasthan,Jaipur,303507,0,1,0
13-06-2025,Rajasthan,Jaipur,303706,1,0,0
13-06-2025,Rajasthan,Jaipur,303802,2,0,0
13-06-2025,Rajasthan,Jaipur,303804,1,1,0
